Company Location,City,Province,Country,Educational Level,Experience Requirements,Work Environment,Work Type,Industry,Company Type,Median Salary
"Vancouver, BC",Vancouver, BC,Canada,Undergraduate degree,3,Hybrid,Full-time,Hospitals and Health Care,Small,72500
"Victoria, BC",Victoria, BC,Canada,Not required,2,Remote,Full-time,Financial Services,large,110000
"Toronto, ON",Toronto, ON,Canada,Not required,3,On-site,Full-time,Information Technology & Services,Small,
"Montreal, QC",Montreal, QC,Canada,Not required,2,Hybrid,Full-time,Advertising Services,Small,80000
"Toronto, ON",Toronto, ON,Canada,Not required,6,Hybrid,Contract,IT Services and IT Consulting,large,
"Burnaby, BC",Burnaby, BC,Canada,Not required,0,Hybrid,Full-time,Security and Investigations,large,70000
"Toronto, ON",Toronto, ON,Canada,Not required,2,Hybrid,Contract,Staffing and Recruiting,large,65000
"Toronto, ON",Toronto, ON,Canada,Not required,2,Hybrid,Contract,IT Services and IT Consulting,large,
"Vancouver, BC",Vancouver, BC,Canada,Not required,3,On-site,Full-time,Software Development,large,
"Compeer, AB",Compeer, AB,Canada,Post-secondary degree,0,On-site,Internship,Financial Services,large,
"Vancouver, BC",Vancouver, BC,Canada,Not required,6,Hybrid,Full-time,Retail,large,125000
"Saskatchewan, Canada",Saskatchewan,SK,Canada,Undergraduate degree,5,Hybrid,Full-time,Insurance,Medium,
"Montreal, QC",Montreal, QC,Canada,Not required,4,Hybrid,Full-time,Entertainment Providers,large,127350
"Vancouver, BC",Vancouver, BC,Canada,Undergraduate degree,8,On-site,Full-time,Retail,Medium,
"Toronto, ON",Toronto, ON,Canada,Undergraduate degree,7,Hybrid,Full-time,Investment Banking,large,
"Calgary, AB",Calgary, AB,Canada,Undergraduate degree,0,Hybrid,Full-time,Business Consulting and Services,large,77000
"Toronto, ON",Toronto, ON,Canada,Undergraduate degree,3,On-site,Full-time,Business Consulting and Services,large,
"Toronto, ON",Toronto, ON,Canada,Not required,5,Hybrid,Contract,Human Resources,Small,103500
"Toronto, ON",Toronto, ON,Canada,Master degree,8,,Full-time,"Technology, Information and Internet",large,151400
"Toronto, ON",Toronto, ON,Canada,Post-secondary degree,0,On-site,Internship,Banking,large,
"Boucherville, QC",Boucherville, QC,Canada,Undergraduate degree,5,On-site,Full-time,Retail,large,
"Toronto, ON",Toronto, ON,Canada,Not required,7,Remote,Full-time,"Technology, Information and Internet",large,
"Vancouver, BC",Vancouver, BC,Canada,Not required,0,On-site,Full-time,Information Services,Small,70500
"Toronto, ON",Toronto, ON,Canada,Undergraduate degree,0,On-site,Internship,Banking,large,
"Alberta, Canada",Calgary,AB,Canada,Undergraduate degree,3,Hybrid,Contract,Professional Services,large,
"Toronto, ON",Toronto, ON,Canada,Undergraduate degree,2,On-site,Full-time,Hospitals and Health Care,large,
"Montreal, QC",Montreal, QC,Canada,Post-secondary degree,4,Remote,Full-time,Music,Medium,
"Toronto, ON",Toronto, ON,Canada,Post-secondary degree,5,Hybrid,Full-time,Financial Services,large,
"Ottawa, ON",Ottawa, ON,Canada,Master degree,10,,Full-time,Telecommunications,large,168500
"Montreal, QC",Montreal, QC,Canada,Not required,1,Hybrid,Contract,IT Services and IT Consulting,large,
"Toronto, ON",Toronto, ON,Canada,Undergraduate degree,6,,Full-time,Consumer Services,large,
"Toronto, ON",Toronto, ON,Canada,Not required,10,Hybrid,Contract,IT Services and IT Consulting,large,
"Mississauga, ON",Mississauga, ON,Canada,Undergraduate degree,3,On-site,Contract,Banking,large,
"Markham, ON",Markham, ON,Canada,Not required,7,On-site,,IT Services and IT Consulting,large,135000
"Langley, BC",Langley, BC,Canada,Undergraduate degree,5,On-site,Full-time,Retail,large,104490
"Calgary, AB",Calgary, AB,Canada,Undergraduate degree,0,Hybrid,Full-time,Banking,large,
"Edmonton, AB",Edmonton, AB,Canada,Not required,0,Remote,Contract,Staffing and Recruiting,Small,
"Vancouver, BC",Vancouver, BC,Canada,Undergraduate degree,0,Hybrid,Full-time,Financial Services,Medium,
"Vancouver, BC",Vancouver, BC,Canada,Undergraduate degree,3,On-site,Full-time,Software Development,large,
"Vancouver, BC",Vancouver, BC,Canada,Undergraduate degree,5,Remote,Full-time,Software Development,Small,
"Burnaby, BC",Burnaby, BC,Canada,Undergraduate degree,2,On-site,Full-time,Gambling Facilities and Casinos,large,62271
"Toronto, ON",Toronto, ON,Canada,Undergraduate degree,0,Remote,Internship,Financial Services,Medium,
"Toronto, ON",Toronto, ON,Canada,Post-secondary degree,3,Hybrid,Full-time,Accounting,Medium,
"Toronto, ON",Toronto, ON,Canada,Undergraduate degree,7,Hybrid,Full-time,Hospitals and Health Care,Small,
"Edmonton, AB",Edmonton, AB,Canada,Undergraduate degree,2,Hybrid,Full-time,Government Administration,large,79286
"Toronto, ON",Toronto, ON,Canada,Post-secondary degree,2,Remote,Full-time,Financial Services,Small,
"Surrey, BC",Surrey, BC,Canada,Undergraduate degree,1,Hybrid,Contract,Staffing and Recruiting,Medium,
"Edmonton, AB",Edmonton, AB,Canada,Not required,2,,Full-time,Food and Beverage Services,large,
"North York, ON",North York, ON,Canada,Not required,0,Hybrid,Full-time,Consumer Services,Medium,59500
"Vancouver, BC",Vancouver, BC,Canada,Not required,2,Remote,Full-time,Software Development,Small,
"Vancouver, BC",Vancouver, BC,Canada,Undergraduate degree,0,,Full-time,"Technology, Information and Internet",Small,
"Toronto, ON",Toronto, ON,Canada,Post-secondary degree,0,On-site,Full-time,Financial Services,large,66250
"Montreal, QC",Montreal, QC,Canada,Not required,3,On-site,Contract,Staffing and Recruiting,Medium,
"Toronto, ON",Toronto, ON,Canada,Undergraduate degree,3,On-site,Temporary,Tobacco Manufacturing,large,
"Toronto, ON",Toronto, ON,Canada,Undergraduate degree,5,Hybrid,Full-time,Entertainment Providers,large,
"Greater Sudbury, ON",Greater Sudbury, ON,Canada,Post-secondary degree,0,On-site,Full-time,Financial Services,large,
"Toronto, ON",Toronto, ON,Canada,Not required,5,Remote,Full-time,Software Development,Medium,
"Toronto, ON",Toronto, ON,Canada,Undergraduate degree,4,,Full-time,Financial Services,large,
"Mississauga, ON",Mississauga, ON,Canada,Undergraduate degree,1,Hybrid,Full-time,Financial Services,Small,
"Vancouver, BC",Vancouver, BC,Canada,Not required,4,Remote,Full-time,Software Development,large,119000
